<?xml version="1.0" encoding="UTF-8"?>
<office:document-content xmlns:office="urn:oasis:names:tc:opendocument:xmlns:office:1.0" xmlns:style="urn:oasis:names:tc:opendocument:xmlns:style:1.0" xmlns:text="urn:oasis:names:tc:opendocument:xmlns:text:1.0" xmlns:table="urn:oasis:names:tc:opendocument:xmlns:table:1.0" xmlns:draw="urn:oasis:names:tc:opendocument:xmlns:drawing:1.0" xmlns:fo="urn:oasis:names:tc:opendocument:xmlns:xsl-fo-compatible:1.0" xmlns:xlink="http://www.w3.org/1999/xlink" xmlns:dc="http://purl.org/dc/elements/1.1/" xmlns:meta="urn:oasis:names:tc:opendocument:xmlns:meta:1.0" xmlns:number="urn:oasis:names:tc:opendocument:xmlns:datastyle:1.0" xmlns:presentation="urn:oasis:names:tc:opendocument:xmlns:presentation:1.0" xmlns:svg="urn:oasis:names:tc:opendocument:xmlns:svg-compatible:1.0" xmlns:chart="urn:oasis:names:tc:opendocument:xmlns:chart:1.0" xmlns:dr3d="urn:oasis:names:tc:opendocument:xmlns:dr3d:1.0" xmlns:math="http://www.w3.org/1998/Math/MathML" xmlns:form="urn:oasis:names:tc:opendocument:xmlns:form:1.0" xmlns:script="urn:oasis:names:tc:opendocument:xmlns:script:1.0" xmlns:ooo="http://openoffice.org/2004/office" xmlns:ooow="http://openoffice.org/2004/writer" xmlns:oooc="http://openoffice.org/2004/calc" xmlns:dom="http://www.w3.org/2001/xml-events" xmlns:xforms="http://www.w3.org/2002/xforms" xmlns:xsd="http://www.w3.org/2001/XMLSchema" xmlns:xsi="http://www.w3.org/2001/XMLSchema-instance" xmlns:smil="urn:oasis:names:tc:opendocument:xmlns:smil-compatible:1.0" xmlns:anim="urn:oasis:names:tc:opendocument:xmlns:animation:1.0" xmlns:rpt="http://openoffice.org/2005/report" xmlns:of="urn:oasis:names:tc:opendocument:xmlns:of:1.2" xmlns:xhtml="http://www.w3.org/1999/xhtml" xmlns:grddl="http://www.w3.org/2003/g/data-view#" xmlns:officeooo="http://openoffice.org/2009/office" xmlns:tableooo="http://openoffice.org/2009/table" xmlns:drawooo="http://openoffice.org/2010/draw" xmlns:calcext="urn:org:documentfoundation:names:experimental:calc:xmlns:calcext:1.0" xmlns:loext="urn:org:documentfoundation:names:experimental:office:xmlns:loext:1.0" xmlns:field="urn:openoffice:names:experimental:ooo-ms-interop:xmlns:field:1.0" xmlns:formx="urn:openoffice:names:experimental:ooxml-odf-interop:xmlns:form:1.0" xmlns:css3t="http://www.w3.org/TR/css3-text/" office:version="1.2"><office:scripts/><office:font-face-decls><style:font-face style:name="Liberation Sans" svg:font-family="&apos;Liberation Sans&apos;" style:font-family-generic="roman" style:font-pitch="variable"/><style:font-face style:name="Liberation Serif" svg:font-family="&apos;Liberation Serif&apos;" style:font-family-generic="roman" style:font-pitch="variable"/><style:font-face style:name="TakaoPGothic" svg:font-family="TakaoPGothic" style:font-family-generic="system" style:font-pitch="variable"/></office:font-face-decls><office:automatic-styles><style:style style:name="dp1" style:family="drawing-page"/><style:style style:name="gr1" style:family="graphic" style:parent-style-name="objectwithoutfill"><style:graphic-properties draw:stroke="dash" draw:stroke-dash="Dashed_20__28_var_29_" svg:stroke-width="0.3cm" svg:stroke-color="#ff420e" draw:marker-start-width="0.65cm" draw:marker-end-width="0.65cm" svg:stroke-linecap="round" draw:fill="none" draw:textarea-vertical-align="middle" fo:padding-top="0.275cm" fo:padding-bottom="0.275cm" fo:padding-left="0.4cm" fo:padding-right="0.4cm"/></style:style><style:style style:name="gr2" style:family="graphic" style:parent-style-name="standard"><style:graphic-properties draw:stroke="none" svg:stroke-color="#000000" draw:fill="none" draw:fill-color="#ffffff" draw:textarea-horizontal-align="left" draw:auto-grow-height="true" draw:auto-grow-width="false" fo:min-height="2.05cm" fo:min-width="0cm"/></style:style><style:style style:name="gr3" style:family="graphic" style:parent-style-name="standard"><style:graphic-properties svg:stroke-color="#2c001e" draw:fill="solid" draw:fill-color="#333333" draw:textarea-horizontal-align="justify" draw:textarea-vertical-align="middle" draw:auto-grow-height="false"/></style:style><style:style style:name="P1" style:family="paragraph"><style:paragraph-properties fo:text-align="center"/></style:style><style:style style:name="P2" style:family="paragraph"><style:text-properties fo:font-size="48pt" style:font-size-asian="48pt" style:font-size-complex="48pt"/></style:style><style:style style:name="T1" style:family="text"><style:text-properties fo:font-size="48pt" style:font-size-asian="48pt" style:font-size-complex="48pt"/></style:style><text:list-style style:name="L1"><text:list-level-style-bullet text:level="1" text:bullet-char="●"><style:list-level-properties text:min-label-width="0.6cm"/><style:text-properties fo:font-family="StarSymbol" style:use-window-font-color="true" fo:font-size="45%"/></text:list-level-style-bullet><text:list-level-style-bullet text:level="2" text:bullet-char="●"><style:list-level-properties text:space-before="0.6cm" text:min-label-width="0.6cm"/><style:text-properties fo:font-family="StarSymbol" style:use-window-font-color="true" fo:font-size="45%"/></text:list-level-style-bullet><text:list-level-style-bullet text:level="3" text:bullet-char="●"><style:list-level-properties text:space-before="1.2cm" text:min-label-width="0.6cm"/><style:text-properties fo:font-family="StarSymbol" style:use-window-font-color="true" fo:font-size="45%"/></text:list-level-style-bullet><text:list-level-style-bullet text:level="4" text:bullet-char="●"><style:list-level-properties text:space-before="1.8cm" text:min-label-width="0.6cm"/><style:text-properties fo:font-family="StarSymbol" style:use-window-font-color="true" fo:font-size="45%"/></text:list-level-style-bullet><text:list-level-style-bullet text:level="5" text:bullet-char="●"><style:list-level-properties text:space-before="2.4cm" text:min-label-width="0.6cm"/><style:text-properties fo:font-family="StarSymbol" style:use-window-font-color="true" fo:font-size="45%"/></text:list-level-style-bullet><text:list-level-style-bullet text:level="6" text:bullet-char="●"><style:list-level-properties text:space-before="3cm" text:min-label-width="0.6cm"/><style:text-properties fo:font-family="StarSymbol" style:use-window-font-color="true" fo:font-size="45%"/></text:list-level-style-bullet><text:list-level-style-bullet text:level="7" text:bullet-char="●"><style:list-level-properties text:space-before="3.6cm" text:min-label-width="0.6cm"/><style:text-properties fo:font-family="StarSymbol" style:use-window-font-color="true" fo:font-size="45%"/></text:list-level-style-bullet><text:list-level-style-bullet text:level="8" text:bullet-char="●"><style:list-level-properties text:space-before="4.2cm" text:min-label-width="0.6cm"/><style:text-properties fo:font-family="StarSymbol" style:use-window-font-color="true" fo:font-size="45%"/></text:list-level-style-bullet><text:list-level-style-bullet text:level="9" text:bullet-char="●"><style:list-level-properties text:space-before="4.8cm" text:min-label-width="0.6cm"/><style:text-properties fo:font-family="StarSymbol" style:use-window-font-color="true" fo:font-size="45%"/></text:list-level-style-bullet><text:list-level-style-bullet text:level="10" text:bullet-char="●"><style:list-level-properties text:space-before="5.4cm" text:min-label-width="0.6cm"/><style:text-properties fo:font-family="StarSymbol" style:use-window-font-color="true" fo:font-size="45%"/></text:list-level-style-bullet></text:list-style></office:automatic-styles><office:body><office:drawing><draw:page draw:name="page1" draw:style-name="dp1" draw:master-page-name="標準"><draw:path draw:style-name="gr1" draw:text-style-name="P1" draw:layer="layout" svg:width="0.998cm" svg:height="4.099cm" draw:transform="rotate (2.81992847244724) translate (2.04004914513545cm 6.62898557142171cm)" svg:viewBox="0 0 999 4100" svg:d="M112 4012c820 417 1075-747 751-1312-301-525-646-1016-731-1632l-132-581 338-487"><text:p/></draw:path><draw:path draw:style-name="gr1" draw:text-style-name="P1" draw:layer="layout" svg:width="2.489cm" svg:height="0.117cm" svg:x="1.008cm" svg:y="4.388cm" svg:viewBox="0 0 2490 118" svg:d="M0 118c593-1 1185-1 1779 0l593-59 118-59"><text:p/></draw:path><draw:path draw:style-name="gr1" draw:text-style-name="P1" draw:layer="layout" svg:width="3.615cm" svg:height="0cm" draw:transform="rotate (-1.5707963267949) translate (4.74388888888889cm 2.906cm)" svg:viewBox="0 0 3616 1" svg:d="M0 1c652 0 1303-2 1956 0h593 593 474"><text:p/></draw:path><draw:path draw:style-name="gr1" draw:text-style-name="P1" draw:layer="layout" svg:width="2.485cm" svg:height="1.427cm" draw:transform="rotate (2.55271856396691) translate (7.39189203945839cm 6.57893400880092cm)" svg:viewBox="0 0 2486 1428" svg:d="M1644 1322c1106 528 984-1072 427-1282-774-293-853 1151-1743 593l-328 149"><text:p/></draw:path><draw:path draw:style-name="gr1" draw:text-style-name="P1" draw:layer="layout" svg:width="2.612cm" svg:height="3.532cm" draw:transform="rotate (2.72323723188675) translate (10.2421087030112cm 8.15692789461508cm)" svg:viewBox="0 0 2613 3533" svg:d="M1355 3522c437 46 1696-30 1102-879-537-767-2181 633-1361 735 744 93-292-1194-421-1824-101-490-597-1497 282-1553 632-40 1670 954 752 1547l-541 241-645 156-523-156"><text:p/></draw:path><draw:path draw:style-name="gr1" draw:text-style-name="P1" draw:layer="layout" svg:width="2.252cm" svg:height="0.208cm" draw:transform="rotate (-1.5707963267949) translate (14.7053543100903cm 4.803cm)" svg:viewBox="0 0 2253 209" svg:d="M0 179c688 128 1332-203 2016-178h237"><text:p/></draw:path><draw:line draw:style-name="gr1" draw:text-style-name="P1" draw:layer="layout" svg:x1="14.585cm" svg:y1="3.913cm" svg:x2="14.763cm" svg:y2="3.973cm"><text:p/></draw:line><draw:path draw:style-name="gr1" draw:text-style-name="P1" draw:layer="layout" svg:width="1.934cm" svg:height="2.809cm" draw:transform="rotate (2.81992847244724) translate (17.1000912368087cm 7.79286310612311cm)" svg:viewBox="0 0 1935 2810" svg:d="M462 2810c400-202 2111 242 1219-656-454-458-1149-588-1538-1237-532-889 558-1052 976-825l469 469 262 224"><text:p/></draw:path><draw:path draw:style-name="gr1" draw:text-style-name="P1" draw:layer="layout" svg:width="2.421cm" svg:height="2.693cm" draw:transform="rotate (2.41466302013415) translate (2.40417728548407cm 14.2972240900954cm)" svg:viewBox="0 0 2422 2694" svg:d="M1261 2618c556 270 1509-208 1030-1074-298-536-286-1390-962-1526-672-134-1340 495-1329 1183l74 172"><text:p/></draw:path><draw:path draw:style-name="gr1" draw:text-style-name="P1" draw:layer="layout" svg:width="3.622cm" svg:height="0.662cm" draw:transform="rotate (-1.8161896196253) translate (5.26827319838059cm 11.3671017191764cm)" svg:viewBox="0 0 3623 663" svg:d="M0 663c597 2 1200-72 1769-259 607-200 1253-182 1854-404"><text:p/></draw:path><draw:path draw:style-name="gr1" draw:text-style-name="P1" draw:layer="layout" svg:width="1.28cm" svg:height="1.753cm" draw:transform="rotate (-0.506145483078356) translate (4.94797206100546cm 11.2763411138881cm)" svg:viewBox="0 0 1281 1754" svg:d="M0 56c655-269 1719 481 1088 1227l-433 443-52 28"><text:p/></draw:path><draw:path draw:style-name="gr1" draw:text-style-name="P1" draw:layer="layout" svg:width="2.968cm" svg:height="1.883cm" draw:transform="rotate (1.8167132184009) translate (6.76943170975098cm 14.0367143444299cm)" svg:viewBox="0 0 2969 1884" svg:d="M1510 1714c514 102 1813-30 1367-819-300-532-966-928-1610-893-575 31-1390 1139-389 1553 1558 645-462-415-662 200l-216 129"><text:p/></draw:path><draw:path draw:style-name="gr1" draw:text-style-name="P1" draw:layer="layout" svg:width="2.084cm" svg:height="2.704cm" draw:transform="rotate (-1.5707963267949) translate (12.155cm 11.443cm)" svg:viewBox="0 0 2085 2705" svg:d="M0 2609c632-44 1404 310 1898-118 852-738-1513-1110-1068-1008 744 171 1513-722 1008-1186-469-430-1225-202-1838-297l297 238"><text:p/></draw:path><draw:path draw:style-name="gr1" draw:text-style-name="P1" draw:layer="layout" svg:width="1.78cm" svg:height="4.035cm" draw:transform="rotate (-2.81992847244724) translate (15.8957050184411cm 13.8331956099425cm)" svg:viewBox="0 0 1781 4036" svg:d="M0 3956c763 397 780-798 1237-1088 965-611 54-1164 469-1781l75-600-488-412-224-75"><text:p/></draw:path><draw:path draw:style-name="gr1" draw:text-style-name="P1" draw:layer="layout" svg:width="1.908cm" svg:height="3.666cm" draw:transform="rotate (-0.219213354050489) translate (16.7933697675845cm 24.4225018787755cm)" svg:viewBox="0 0 1909 3667" svg:d="M0 66c762-383 744 1022 1268 1055 1472 93-132 840 425 1363 661 620-365 1211-894 1170l-57 13"><text:p/></draw:path><draw:frame draw:style-name="gr2" draw:text-style-name="P2" draw:layer="layout" svg:width="17.2cm" svg:height="2.3cm" svg:x="2cm" svg:y="19.3cm"><draw:text-box><text:p text:style-name="P2"><text:span text:style-name="T1">It_is_fun__isn&apos;t_it?</text:span></text:p></draw:text-box></draw:frame><draw:custom-shape draw:style-name="gr3" draw:text-style-name="P1" draw:layer="layout" svg:width="15.9cm" svg:height="4.5cm" svg:x="1.5cm" svg:y="18.3cm"><text:p/><draw:enhanced-geometry svg:viewBox="0 0 21600 21600" draw:type="rectangle" draw:enhanced-path="M 0 0 L 21600 0 21600 21600 0 21600 0 0 Z N"/></draw:custom-shape></draw:page></office:drawing></office:body></office:document-content>