<?xml version="1.0" encoding="UTF-8"?>
<office:document-meta xmlns:office="urn:oasis:names:tc:opendocument:xmlns:office:1.0" xmlns:xlink="http://www.w3.org/1999/xlink" xmlns:dc="http://purl.org/dc/elements/1.1/" xmlns:meta="urn:oasis:names:tc:opendocument:xmlns:meta:1.0" xmlns:presentation="urn:oasis:names:tc:opendocument:xmlns:presentation:1.0" xmlns:ooo="http://openoffice.org/2004/office" xmlns:smil="urn:oasis:names:tc:opendocument:xmlns:smil-compatible:1.0" xmlns:anim="urn:oasis:names:tc:opendocument:xmlns:animation:1.0" xmlns:grddl="http://www.w3.org/2003/g/data-view#" xmlns:officeooo="http://openoffice.org/2009/office" office:version="1.2"><office:meta><meta:creation-date>2015-10-16T09:50:35.362650845</meta:creation-date><dc:date>2015-10-16T10:06:25.173018557</dc:date><meta:editing-duration>PT1M11S</meta:editing-duration><meta:editing-cycles>4</meta:editing-cycles><meta:generator>LibreOffice/4.2.8.2$Linux_X86_64 LibreOffice_project/420m0$Build-2</meta:generator><meta:document-statistic meta:object-count="17"/></office:meta></office:document-meta>